Run_ID,Experiment,Replica,Tool_ID,Group,Subgroup,Position,Condition,TCond,Machined_length,Init_diameter,Final_diameter,CTime,R_measurement,ap,vc,f,Ra,Rz,Rsk,Rku,RSm,Rt,Fx,Fy,Fz,F
1_021_B1_4_a,1,1,21,1,2,a,4,0,12,94,93.5,na,1,0.25,350,0.07,0.391,1.855,0.56,2.423,71.4,2.082,49.23,44.46,21.07,69.60049856
1_021_B1_4_a,1,1,21,1,2,a,4,0,12,94,93.5,na,2,0.25,350,0.07,0.359,1.67,0.53,2.229,70.9,1.918,49.23,44.46,21.07,69.60049856
1_021_B1_4_a,1,1,21,1,2,a,4,0,12,94,93.5,na,3,0.25,350,0.07,0.421,1.912,0.634,2.332,71.2,2.062,49.23,44.46,21.07,69.60049856
1_021_B1_4_a,1,1,21,1,2,a,4,0,12,94,93.5,na,4,0.25,350,0.07,0.45,1.961,0.676,2.325,72.8,2.063,49.23,44.46,21.07,69.60049856
1_021_B1_4_a,1,1,21,1,2,a,4,0,12,94,93.5,na,5,0.25,350,0.07,0.36,1.782,0.714,2.636,69.4,1.957,49.23,44.46,21.07,69.60049856
1_021_B1_4_a,1,1,21,1,2,a,4,0,12,94,93.5,na,6,0.25,350,0.07,0.383,1.931,0.58,2.542,67.3,2.039,49.23,44.46,21.07,69.60049856
1_021_B1_6_b,1,1,21,1,2,b,6,0,12,94,93.5,na,1,0.25,350,0.13,1.181,4.853,0.793,2.39,132.5,5.186,81.03,59.21,25.94,103.6560109
1_021_B1_6_b,1,1,21,1,2,b,6,0,12,94,93.5,na,2,0.25,350,0.13,1.139,5.005,0.701,2.492,130.2,5.122,81.03,59.21,25.94,103.6560109
1_021_B1_6_b,1,1,21,1,2,b,6,0,12,94,93.5,na,3,0.25,350,0.13,1.146,5.082,0.847,2.546,129.7,5.249,81.03,59.21,25.94,103.6560109
1_021_B1_6_b,1,1,21,1,2,b,6,0,12,94,93.5,na,4,0.25,350,0.13,1.125,5.044,0.745,2.561,129.3,5.323,81.03,59.21,25.94,103.6560109
1_021_B1_6_b,1,1,21,1,2,b,6,0,12,94,93.5,na,5,0.25,350,0.13,1.191,5.036,0.742,2.384,131.6,5.249,81.03,59.21,25.94,103.6560109
1_021_B1_6_b,1,1,21,1,2,b,6,0,12,94,93.5,na,6,0.25,350,0.13,1.181,4.985,0.81,2.44,129.7,5.137,81.03,59.21,25.94,103.6560109
1_021_B1_5_c,1,1,21,1,2,c,5,0,12,94,93.5,na,1,0.25,350,0.1,0.612,2.451,0.767,2.32,100.9,2.626,65.48,49.71,22.31,85.18480264
1_021_B1_5_c,1,1,21,1,2,c,5,0,12,94,93.5,na,2,0.25,350,0.1,0.621,2.487,0.774,2.361,100.6,2.762,65.48,49.71,22.31,85.18480264
1_021_B1_5_c,1,1,21,1,2,c,5,0,12,94,93.5,na,3,0.25,350,0.1,0.628,2.686,0.799,2.47,100,2.9,65.48,49.71,22.31,85.18480264
1_021_B1_5_c,1,1,21,1,2,c,5,0,12,94,93.5,na,4,0.25,350,0.1,0.628,2.517,0.739,2.255,99.4,2.781,65.48,49.71,22.31,85.18480264
1_021_B1_5_c,1,1,21,1,2,c,5,0,12,94,93.5,na,5,0.25,350,0.1,0.724,3.02,0.571,2.148,100.6,3.159,65.48,49.71,22.31,85.18480264
1_021_B1_5_c,1,1,21,1,2,c,5,0,12,94,93.5,na,6,0.25,350,0.1,0.618,2.596,0.865,2.494,101.5,2.759,65.48,49.71,22.31,85.18480264
1_021_B1_8_d,1,1,21,1,3,d,8,0,12,94,93.5,na,1,0.25,390,0.1,0.709,2.629,0.612,1.947,100,2.783,65.95,50.85,22.3,86.21145516
1_021_B1_8_d,1,1,21,1,3,d,8,0,12,94,93.5,na,2,0.25,390,0.1,0.692,2.666,0.555,1.966,101.2,2.763,65.95,50.85,22.3,86.21145516
1_021_B1_8_d,1,1,21,1,3,d,8,0,12,94,93.5,na,3,0.25,390,0.1,0.703,2.735,0.6,2.007,100.8,2.947,65.95,50.85,22.3,86.21145516
1_021_B1_8_d,1,1,21,1,3,d,8,0,12,94,93.5,na,4,0.25,390,0.1,0.731,2.795,0.532,1.901,101.5,2.85,65.95,50.85,22.3,86.21145516
1_021_B1_8_d,1,1,21,1,3,d,8,0,12,94,93.5,na,5,0.25,390,0.1,0.734,2.778,0.512,1.892,100.9,2.953,65.95,50.85,22.3,86.21145516
1_021_B1_8_d,1,1,21,1,3,d,8,0,12,94,93.5,na,6,0.25,390,0.1,0.735,2.733,0.551,1.872,100.4,2.831,65.95,50.85,22.3,86.21145516
1_021_B1_9_e,1,1,21,1,3,e,9,0,12,94,93.5,na,1,0.25,390,0.13,1.111,4.285,0.47,2.028,131.7,4.416,84.34,57.88,26.26,105.6073747
1_021_B1_9_e,1,1,21,1,3,e,9,0,12,94,93.5,na,2,0.25,390,0.13,1.086,4.199,0.422,2.029,130.5,4.389,84.34,57.88,26.26,105.6073747
1_021_B1_9_e,1,1,21,1,3,e,9,0,12,94,93.5,na,3,0.25,390,0.13,1.149,4.496,0.576,2.15,130.2,4.633,84.34,57.88,26.26,105.6073747
1_021_B1_9_e,1,1,21,1,3,e,9,0,12,94,93.5,na,4,0.25,390,0.13,1.086,4.251,0.456,2.036,132,4.515,84.34,57.88,26.26,105.6073747
1_021_B1_9_e,1,1,21,1,3,e,9,0,12,94,93.5,na,5,0.25,390,0.13,1.115,4.397,0.485,2.151,130.4,4.521,84.34,57.88,26.26,105.6073747
1_021_B1_9_e,1,1,21,1,3,e,9,0,12,94,93.5,na,6,0.25,390,0.13,1.07,4.274,0.496,2.059,132.2,4.468,84.34,57.88,26.26,105.6073747
1_021_B1_7_f,1,1,21,1,3,f,7,0,12,94,93.5,na,1,0.25,390,0.07,0.362,1.531,0.545,1.975,71.2,1.621,51.59,42.31,18.87,69.33787637
1_021_B1_7_f,1,1,21,1,3,f,7,0,12,94,93.5,na,2,0.25,390,0.07,0.293,1.3,0.584,2.245,71.7,1.438,51.59,42.31,18.87,69.33787637
1_021_B1_7_f,1,1,21,1,3,f,7,0,12,94,93.5,na,3,0.25,390,0.07,0.316,1.319,0.289,1.905,69.5,1.453,51.59,42.31,18.87,69.33787637
1_021_B1_7_f,1,1,21,1,3,f,7,0,12,94,93.5,na,4,0.25,390,0.07,0.309,1.709,1.018,3.222,71.6,1.807,51.59,42.31,18.87,69.33787637
1_021_B1_7_f,1,1,21,1,3,f,7,0,12,94,93.5,na,5,0.25,390,0.07,0.326,1.282,0.335,1.824,71.2,1.358,51.59,42.31,18.87,69.33787637
1_021_B1_7_f,1,1,21,1,3,f,7,0,12,94,93.5,na,6,0.25,390,0.07,0.324,1.402,0.442,2.027,68.4,1.556,51.59,42.31,18.87,69.33787637
1_021_B1_2_g,1,1,21,1,1,g,2,0,12,94,93.5,na,1,0.25,310,0.1,0.681,2.554,0.237,1.677,98.8,2.813,69.13,50.07,20.51,87.78736754
1_021_B1_2_g,1,1,21,1,1,g,2,0,12,94,93.5,na,2,0.25,310,0.1,0.677,2.478,0.253,1.747,98.4,2.899,69.13,50.07,20.51,87.78736754
1_021_B1_2_g,1,1,21,1,1,g,2,0,12,94,93.5,na,3,0.25,310,0.1,0.684,2.264,0.202,1.494,101.6,2.42,69.13,50.07,20.51,87.78736754
1_021_B1_2_g,1,1,21,1,1,g,2,0,12,94,93.5,na,4,0.25,310,0.1,0.667,2.369,0.192,1.585,100.4,2.614,69.13,50.07,20.51,87.78736754
1_021_B1_2_g,1,1,21,1,1,g,2,0,12,94,93.5,na,5,0.25,310,0.1,0.671,2.324,0.084,1.5,100,2.418,69.13,50.07,20.51,87.78736754
1_021_B1_2_g,1,1,21,1,1,g,2,0,12,94,93.5,na,6,0.25,310,0.1,0.67,2.373,0.223,1.576,101.3,2.54,69.13,50.07,20.51,87.78736754
1_021_B1_1_h,1,1,21,1,1,h,1,0,12,94,93.5,na,1,0.25,310,0.07,0.227,1.431,-0.374,2.99,72.3,1.773,55.44,41.6,19.53,72.0109332
1_021_B1_1_h,1,1,21,1,1,h,1,0,12,94,93.5,na,2,0.25,310,0.07,0.247,1.513,-0.255,2.653,69.3,1.686,55.44,41.6,19.53,72.0109332
1_021_B1_1_h,1,1,21,1,1,h,1,0,12,94,93.5,na,3,0.25,310,0.07,0.264,1.612,-0.201,2.638,84.9,1.823,55.44,41.6,19.53,72.0109332
1_021_B1_1_h,1,1,21,1,1,h,1,0,12,94,93.5,na,4,0.25,310,0.07,0.219,1.428,-0.282,3.063,60.7,1.702,55.44,41.6,19.53,72.0109332
1_021_B1_1_h,1,1,21,1,1,h,1,0,12,94,93.5,na,5,0.25,310,0.07,0.211,1.405,-0.457,3.132,75.5,1.541,55.44,41.6,19.53,72.0109332
1_021_B1_1_h,1,1,21,1,1,h,1,0,12,94,93.5,na,6,0.25,310,0.07,0.235,1.462,-0.368,2.959,64.1,1.761,55.44,41.6,19.53,72.0109332
1_021_B1_3_i,1,1,21,1,1,i,3,0,12,94,93.5,na,1,0.25,310,0.13,0.832,3.56,0.975,2.795,128.3,3.848,84.61,56.61,24.09,104.6129643
1_021_B1_3_i,1,1,21,1,1,i,3,0,12,94,93.5,na,2,0.25,310,0.13,0.8,3.468,1.095,2.876,133.6,3.697,84.61,56.61,24.09,104.6129643
1_021_B1_3_i,1,1,21,1,1,i,3,0,12,94,93.5,na,3,0.25,310,0.13,0.846,3.462,1.029,2.694,131.7,3.638,84.61,56.61,24.09,104.6129643
1_021_B1_3_i,1,1,21,1,1,i,3,0,12,94,93.5,na,4,0.25,310,0.13,0.798,3.498,1.053,2.957,131.2,3.711,84.61,56.61,24.09,104.6129643
1_021_B1_3_i,1,1,21,1,1,i,3,0,12,94,93.5,na,5,0.25,310,0.13,0.847,3.535,1.062,2.767,131.5,3.769,84.61,56.61,24.09,104.6129643
1_021_B1_3_i,1,1,21,1,1,i,3,0,12,94,93.5,na,6,0.25,310,0.13,0.856,3.587,1.02,2.691,127,3.754,84.61,56.61,24.09,104.6129643
1_031_B2_10_b,1,1,31,2,4,b,10,0,12,93.5,92.5,na,1,0.5,310,0.07,0.256,1.111,0.129,1.871,78.6,1.272,110.5,61.45,68.08,143.6009711
1_031_B2_10_b,1,1,31,2,4,b,10,0,12,93.5,92.5,na,2,0.5,310,0.07,0.257,1.118,0.105,1.871,75.1,1.299,110.5,61.45,68.08,143.6009711
1_031_B2_10_b,1,1,31,2,4,b,10,0,12,93.5,92.5,na,3,0.5,310,0.07,0.243,1.08,0.16,1.867,71.4,1.242,110.5,61.45,68.08,143.6009711
1_031_B2_10_b,1,1,31,2,4,b,10,0,12,93.5,92.5,na,4,0.5,310,0.07,0.292,1.406,-0.048,2.044,77.9,1.497,110.5,61.45,68.08,143.6009711
1_031_B2_10_b,1,1,31,2,4,b,10,0,12,93.5,92.5,na,5,0.5,310,0.07,0.264,1.073,0.135,1.727,69.8,1.259,110.5,61.45,68.08,143.6009711
1_031_B2_10_b,1,1,31,2,4,b,10,0,12,93.5,92.5,na,6,0.5,310,0.07,0.303,1.566,0.139,2.217,72.1,1.68,110.5,61.45,68.08,143.6009711
1_031_B2_12_c,1,1,31,2,4,c,12,0,12,93.5,92.5,na,1,0.5,310,0.13,1.133,4.764,0.807,2.495,132.5,4.979,171.5,83.49,75.56,205.1636998
1_031_B2_12_c,1,1,31,2,4,c,12,0,12,93.5,92.5,na,2,0.5,310,0.13,1.046,4.727,1.031,3.055,131.5,4.904,171.5,83.49,75.56,205.1636998
1_031_B2_12_c,1,1,31,2,4,c,12,0,12,93.5,92.5,na,3,0.5,310,0.13,1.098,4.783,0.905,2.638,133.8,5.001,171.5,83.49,75.56,205.1636998
1_031_B2_12_c,1,1,31,2,4,c,12,0,12,93.5,92.5,na,4,0.5,310,0.13,1.115,4.828,0.936,2.651,129,4.967,171.5,83.49,75.56,205.1636998
1_031_B2_12_c,1,1,31,2,4,c,12,0,12,93.5,92.5,na,5,0.5,310,0.13,1.121,4.982,1.052,2.84,131.4,5.318,171.5,83.49,75.56,205.1636998
1_031_B2_12_c,1,1,31,2,4,c,12,0,12,93.5,92.5,na,6,0.5,310,0.13,1.118,4.685,0.925,2.622,133.8,4.905,171.5,83.49,75.56,205.1636998
1_031_B2_11_d,1,1,31,2,4,d,11,0,12,93.5,92.5,na,1,0.5,310,0.1,0.501,2.623,0.876,3.121,97.8,2.826,141.5,69.27,67.71,171.4795236
1_031_B2_11_d,1,1,31,2,4,d,11,0,12,93.5,92.5,na,2,0.5,310,0.1,0.521,2.695,0.837,3.007,105.8,2.891,141.5,69.27,67.71,171.4795236
1_031_B2_11_d,1,1,31,2,4,d,11,0,12,93.5,92.5,na,3,0.5,310,0.1,0.538,2.716,0.794,2.954,95.1,2.946,141.5,69.27,67.71,171.4795236
1_031_B2_11_d,1,1,31,2,4,d,11,0,12,93.5,92.5,na,4,0.5,310,0.1,0.52,2.657,0.926,3.088,107.8,2.949,141.5,69.27,67.71,171.4795236
1_031_B2_11_d,1,1,31,2,4,d,11,0,12,93.5,92.5,na,5,0.5,310,0.1,0.511,2.721,0.891,3.171,103.1,2.902,141.5,69.27,67.71,171.4795236
1_031_B2_11_d,1,1,31,2,4,d,11,0,12,93.5,92.5,na,6,0.5,310,0.1,0.514,2.795,0.947,3.197,107.5,2.924,141.5,69.27,67.71,171.4795236
1_031_B2_17_e,1,1,31,2,6,e,17,0,12,93.5,92.5,na,1,0.5,390,0.1,0.567,2.53,0.515,2.249,101.3,2.871,141.9,70.27,65.19,171.2402377
1_031_B2_17_e,1,1,31,2,6,e,17,0,12,93.5,92.5,na,2,0.5,390,0.1,0.596,2.675,0.381,2.221,101.8,2.813,141.9,70.27,65.19,171.2402377
1_031_B2_17_e,1,1,31,2,6,e,17,0,12,93.5,92.5,na,3,0.5,390,0.1,0.544,2.531,0.488,2.366,103.7,2.708,141.9,70.27,65.19,171.2402377
1_031_B2_17_e,1,1,31,2,6,e,17,0,12,93.5,92.5,na,4,0.5,390,0.1,0.55,2.578,0.489,2.36,102.3,2.701,141.9,70.27,65.19,171.2402377
1_031_B2_17_e,1,1,31,2,6,e,17,0,12,93.5,92.5,na,5,0.5,390,0.1,0.532,2.594,0.713,2.628,104.1,2.808,141.9,70.27,65.19,171.2402377
1_031_B2_17_e,1,1,31,2,6,e,17,0,12,93.5,92.5,na,6,0.5,390,0.1,0.532,2.594,0.713,2.628,104.1,2.808,141.9,70.27,65.19,171.2402377
1_031_B2_16_f,1,1,31,2,6,f,16,0,12,93.5,92.5,na,1,0.5,390,0.07,0.37,1.663,0.111,1.944,71.2,1.93,110.1,56.55,61.05,138.0109235
1_031_B2_16_f,1,1,31,2,6,f,16,0,12,93.5,92.5,na,2,0.5,390,0.07,0.342,1.419,0.102,1.834,71.7,1.6,110.1,56.55,61.05,138.0109235
1_031_B2_16_f,1,1,31,2,6,f,16,0,12,93.5,92.5,na,3,0.5,390,0.07,0.371,1.582,0.001,1.831,71,1.736,110.1,56.55,61.05,138.0109235
1_031_B2_16_f,1,1,31,2,6,f,16,0,12,93.5,92.5,na,4,0.5,390,0.07,0.355,1.504,0.075,1.849,70.9,1.614,110.1,56.55,61.05,138.0109235
1_031_B2_16_f,1,1,31,2,6,f,16,0,12,93.5,92.5,na,5,0.5,390,0.07,0.363,1.622,0.02,1.91,71.8,1.735,110.1,56.55,61.05,138.0109235
1_031_B2_16_f,1,1,31,2,6,f,16,0,12,93.5,92.5,na,6,0.5,390,0.07,0.36,1.583,0.008,1.928,70.1,1.765,110.1,56.55,61.05,138.0109235
1_031_B2_18_g,1,1,31,2,6,g,18,0,12,93.5,92.5,na,1,0.5,390,0.13,0.519,2.731,0.645,3.005,103.6,2.899,173.5,82.13,71.8,204.9459121
1_031_B2_18_g,1,1,31,2,6,g,18,0,12,93.5,92.5,na,2,0.5,390,0.13,0.495,2.607,0.671,3.023,88.7,2.701,173.5,82.13,71.8,204.9459121
1_031_B2_18_g,1,1,31,2,6,g,18,0,12,93.5,92.5,na,3,0.5,390,0.13,0.517,2.624,0.764,3.031,118,2.68,173.5,82.13,71.8,204.9459121
1_031_B2_18_g,1,1,31,2,6,g,18,0,12,93.5,92.5,na,4,0.5,390,0.13,0.505,2.629,0.808,3.136,76.9,2.707,173.5,82.13,71.8,204.9459121
1_031_B2_18_g,1,1,31,2,6,g,18,0,12,93.5,92.5,na,5,0.5,390,0.13,0.521,2.71,0.63,2.987,105.1,2.787,173.5,82.13,71.8,204.9459121
1_031_B2_18_g,1,1,31,2,6,g,18,0,12,93.5,92.5,na,6,0.5,390,0.13,0.541,2.761,0.694,2.908,91.7,2.888,173.5,82.13,71.8,204.9459121
1_031_B2_14_h,1,1,31,2,5,h,14,0,12,93.5,92.5,na,1,0.5,350,0.1,0.623,2.671,0.097,1.949,99.1,2.8,144.7,70.44,66.44,174.1096126
1_031_B2_14_h,1,1,31,2,5,h,14,0,12,93.5,92.5,na,2,0.5,350,0.1,0.603,2.638,0.181,1.997,100.4,2.776,144.7,70.44,66.44,174.1096126
1_031_B2_14_h,1,1,31,2,5,h,14,0,12,93.5,92.5,na,3,0.5,350,0.1,0.606,2.604,0.084,1.95,100.6,2.695,144.7,70.44,66.44,174.1096126
1_031_B2_14_h,1,1,31,2,5,h,14,0,12,93.5,92.5,na,4,0.5,350,0.1,0.616,2.638,0.11,1.949,99.1,2.723,144.7,70.44,66.44,174.1096126
1_031_B2_14_h,1,1,31,2,5,h,14,0,12,93.5,92.5,na,5,0.5,350,0.1,0.602,2.623,0.16,1.989,98.1,2.789,144.7,70.44,66.44,174.1096126
1_031_B2_14_h,1,1,31,2,5,h,14,0,12,93.5,92.5,na,6,0.5,350,0.1,0.595,2.65,0.136,1.99,101,2.737,144.7,70.44,66.44,174.1096126
1_031_B2_15_i,1,1,31,2,5,i,15,0,12,93.5,92.5,na,1,0.5,350,0.13,0.52,2.47,0.352,2.351,125.6,2.585,179.8,81.93,75.26,211.4347003
1_031_B2_15_i,1,1,31,2,5,i,15,0,12,93.5,92.5,na,2,0.5,350,0.13,0.524,2.61,0.431,2.488,101.7,2.993,179.8,81.93,75.26,211.4347003
1_031_B2_15_i,1,1,31,2,5,i,15,0,12,93.5,92.5,na,3,0.5,350,0.13,0.505,2.494,0.417,2.452,92.7,2.558,179.8,81.93,75.26,211.4347003
1_031_B2_15_i,1,1,31,2,5,i,15,0,12,93.5,92.5,na,4,0.5,350,0.13,0.569,2.621,0.291,2.224,130.8,2.719,179.8,81.93,75.26,211.4347003
1_031_B2_15_i,1,1,31,2,5,i,15,0,12,93.5,92.5,na,5,0.5,350,0.13,0.573,2.679,0.232,2.207,116.5,3.025,179.8,81.93,75.26,211.4347003
1_031_B2_15_i,1,1,31,2,5,i,15,0,12,93.5,92.5,na,6,0.5,350,0.13,0.554,2.579,0.349,2.313,118.2,2.71,179.8,81.93,75.26,211.4347003
1_031_B2_13_j,1,1,31,2,5,j,13,0,12,93.5,92.5,na,1,0.5,350,0.07,0.356,1.636,-0.115,2.032,70.3,1.781,107.7,52.78,60.21,134.2023193
1_031_B2_13_j,1,1,31,2,5,j,13,0,12,93.5,92.5,na,2,0.5,350,0.07,0.334,1.609,0.038,2.113,68.7,1.738,107.7,52.78,60.21,134.2023193
1_031_B2_13_j,1,1,31,2,5,j,13,0,12,93.5,92.5,na,3,0.5,350,0.07,0.334,1.635,-0.042,2.165,71.3,1.797,107.7,52.78,60.21,134.2023193
1_031_B2_13_j,1,1,31,2,5,j,13,0,12,93.5,92.5,na,4,0.5,350,0.07,0.337,1.428,-0.137,1.802,70.8,1.539,107.7,52.78,60.21,134.2023193
1_031_B2_13_j,1,1,31,2,5,j,13,0,12,93.5,92.5,na,5,0.5,350,0.07,0.254,1.251,-0.101,2.088,68.3,1.381,107.7,52.78,60.21,134.2023193
1_031_B2_13_j,1,1,31,2,5,j,13,0,12,93.5,92.5,na,6,0.5,350,0.07,0.255,1.253,0.076,2.155,63.3,1.421,107.7,52.78,60.21,134.2023193
1_041_B3_22_a,1,1,41,3,8,a,22,0,12,92.5,90.9,na,1,0.8,350,0.07,0.38,1.681,0.439,2.042,70.7,1.803,159.5,62.91,115.8,206.8998746
1_041_B3_22_a,1,1,41,3,8,a,22,0,12,92.5,90.9,na,2,0.8,350,0.07,0.366,1.535,0.417,1.962,70.9,1.688,159.5,62.91,115.8,206.8998746
1_041_B3_22_a,1,1,41,3,8,a,22,0,12,92.5,90.9,na,3,0.8,350,0.07,0.383,1.763,0.376,2.107,71.4,1.928,159.5,62.91,115.8,206.8998746
1_041_B3_22_a,1,1,41,3,8,a,22,0,12,92.5,90.9,na,4,0.8,350,0.07,0.374,1.627,0.449,2.017,70.2,1.729,159.5,62.91,115.8,206.8998746
1_041_B3_22_a,1,1,41,3,8,a,22,0,12,92.5,90.9,na,5,0.8,350,0.07,0.379,1.736,0.426,2.089,69.2,1.92,159.5,62.91,115.8,206.8998746
1_041_B3_22_a,1,1,41,3,8,a,22,0,12,92.5,90.9,na,6,0.8,350,0.07,0.383,1.66,0.463,2.007,70.6,1.848,159.5,62.91,115.8,206.8998746
1_041_B3_24_b,1,1,41,3,8,b,24,0,12,92.5,90.9,na,1,0.8,350,0.13,1.46,6.212,0.818,2.528,131.9,6.317,272.2,100.7,219.1,363.6456242
1_041_B3_24_b,1,1,41,3,8,b,24,0,12,92.5,90.9,na,2,0.8,350,0.13,1.444,6.169,0.903,2.585,130.6,6.357,272.2,100.7,219.1,363.6456242
1_041_B3_24_b,1,1,41,3,8,b,24,0,12,92.5,90.9,na,3,0.8,350,0.13,1.387,6.026,0.848,2.644,130.6,6.166,272.2,100.7,219.1,363.6456242
1_041_B3_24_b,1,1,41,3,8,b,24,0,12,92.5,90.9,na,4,0.8,350,0.13,1.433,6.211,0.809,2.587,133.1,6.411,272.2,100.7,219.1,363.6456242
1_041_B3_24_b,1,1,41,3,8,b,24,0,12,92.5,90.9,na,5,0.8,350,0.13,1.417,5.907,0.833,2.557,131.1,6.278,272.2,100.7,219.1,363.6456242
1_041_B3_24_b,1,1,41,3,8,b,24,0,12,92.5,90.9,na,6,0.8,350,0.13,1.382,6.023,1.012,2.82,131.4,6.138,272.2,100.7,219.1,363.6456242
1_041_B3_23_c,1,1,41,3,8,c,23,0,12,92.5,90.9,na,1,0.8,350,0.1,0.929,4.12,0.668,2.529,100.2,4.24,213,77.32,190.3,295.9078782
1_041_B3_23_c,1,1,41,3,8,c,23,0,12,92.5,90.9,na,2,0.8,350,0.1,0.888,3.982,0.412,2.312,101.9,4.187,213,77.32,190.3,295.9078782
1_041_B3_23_c,1,1,41,3,8,c,23,0,12,92.5,90.9,na,3,0.8,350,0.1,0.799,3.662,0.616,2.523,101.3,3.981,213,77.32,190.3,295.9078782
1_041_B3_23_c,1,1,41,3,8,c,23,0,12,92.5,90.9,na,4,0.8,350,0.1,0.867,3.825,0.468,2.335,102.4,4.136,213,77.32,190.3,295.9078782
1_041_B3_23_c,1,1,41,3,8,c,23,0,12,92.5,90.9,na,5,0.8,350,0.1,0.729,3.43,0.679,2.694,101.4,3.587,213,77.32,190.3,295.9078782
1_041_B3_23_c,1,1,41,3,8,c,23,0,12,92.5,90.9,na,6,0.8,350,0.1,0.743,3.349,0.708,2.553,99.1,3.51,213,77.32,190.3,295.9078782
1_041_B3_25_d,1,1,41,3,9,d,25,0,12,92.5,90.9,na,1,0.8,390,0.07,0.47,2.226,0.419,2.202,70.4,2.412,162.8,60.35,116.9,209.3121413
1_041_B3_25_d,1,1,41,3,9,d,25,0,12,92.5,90.9,na,2,0.8,390,0.07,0.392,1.735,0.2,1.971,71.6,1.863,162.8,60.35,116.9,209.3121413
1_041_B3_25_d,1,1,41,3,9,d,25,0,12,92.5,90.9,na,3,0.8,390,0.07,0.503,2.285,0.398,2.125,70.9,2.374,162.8,60.35,116.9,209.3121413
1_041_B3_25_d,1,1,41,3,9,d,25,0,12,92.5,90.9,na,4,0.8,390,0.07,0.535,2.351,0.388,2.05,70.4,2.502,162.8,60.35,116.9,209.3121413
1_041_B3_25_d,1,1,41,3,9,d,25,0,12,92.5,90.9,na,5,0.8,390,0.07,0.388,1.756,0.381,2.059,71.1,1.923,162.8,60.35,116.9,209.3121413
1_041_B3_25_d,1,1,41,3,9,d,25,0,12,92.5,90.9,na,6,0.8,390,0.07,0.344,1.532,0.171,1.957,70.3,1.667,162.8,60.35,116.9,209.3121413
1_041_B3_26_e,1,1,41,3,9,e,26,0,12,92.5,90.9,na,1,0.8,390,0.1,0.699,3.16,0.655,2.31,99,3.307,215.7,75.94,193.2,299.3653514
1_041_B3_26_e,1,1,41,3,9,e,26,0,12,92.5,90.9,na,2,0.8,390,0.1,0.879,3.617,0.081,1.864,99.5,3.755,215.7,75.94,193.2,299.3653514
1_041_B3_26_e,1,1,41,3,9,e,26,0,12,92.5,90.9,na,3,0.8,390,0.1,0.882,3.576,0.196,1.855,100.7,3.723,215.7,75.94,193.2,299.3653514
1_041_B3_26_e,1,1,41,3,9,e,26,0,12,92.5,90.9,na,4,0.8,390,0.1,0.858,3.536,0.304,1.968,100.9,3.624,215.7,75.94,193.2,299.3653514
1_041_B3_26_e,1,1,41,3,9,e,26,0,12,92.5,90.9,na,5,0.8,390,0.1,0.536,2.746,0.657,2.769,99.3,2.967,215.7,75.94,193.2,299.3653514
1_041_B3_26_e,1,1,41,3,9,e,26,0,12,92.5,90.9,na,6,0.8,390,0.1,0.449,2.463,1.066,3.403,95.3,2.6,215.7,75.94,193.2,299.3653514
1_041_B3_27_f,1,1,41,3,9,f,27,0,12,92.5,90.9,na,1,0.8,390,0.13,0.827,3.936,0.346,2.446,128.3,4.086,272.5,98.6,214.3,360.4201715
1_041_B3_27_f,1,1,41,3,9,f,27,0,12,92.5,90.9,na,2,0.8,390,0.13,1.195,4.854,0.591,2.182,128.4,5.08,272.5,98.6,214.3,360.4201715
1_041_B3_27_f,1,1,41,3,9,f,27,0,12,92.5,90.9,na,3,0.8,390,0.13,1.171,4.813,0.603,2.223,130.6,4.967,272.5,98.6,214.3,360.4201715
1_041_B3_27_f,1,1,41,3,9,f,27,0,12,92.5,90.9,na,4,0.8,390,0.13,0.846,3.904,0.351,2.378,132.1,4.029,272.5,98.6,214.3,360.4201715
1_041_B3_27_f,1,1,41,3,9,f,27,0,12,92.5,90.9,na,5,0.8,390,0.13,1.157,4.897,0.703,2.336,130.6,5.151,272.5,98.6,214.3,360.4201715
1_041_B3_27_f,1,1,41,3,9,f,27,0,12,92.5,90.9,na,6,0.8,390,0.13,1.198,4.929,0.608,2.199,132.5,5.068,272.5,98.6,214.3,360.4201715
1_041_B3_21_g,1,1,41,3,7,g,21,0,12,92.5,90.9,na,1,0.8,310,0.13,0.855,3.977,0.298,2.281,124.8,4.336,283.5,100.2,221.5,373.4629031
1_041_B3_21_g,1,1,41,3,7,g,21,0,12,92.5,90.9,na,2,0.8,310,0.13,1.19,5.023,0.501,2.18,129.9,5.466,283.5,100.2,221.5,373.4629031
1_041_B3_21_g,1,1,41,3,7,g,21,0,12,92.5,90.9,na,3,0.8,310,0.13,1.158,5.038,0.511,2.272,127.2,5.614,283.5,100.2,221.5,373.4629031
1_041_B3_21_g,1,1,41,3,7,g,21,0,12,92.5,90.9,na,4,0.8,310,0.13,0.862,3.94,0.353,2.297,133.5,4.193,283.5,100.2,221.5,373.4629031
1_041_B3_21_g,1,1,41,3,7,g,21,0,12,92.5,90.9,na,5,0.8,310,0.13,1.213,4.965,0.574,2.145,132,5.185,283.5,100.2,221.5,373.4629031
1_041_B3_21_g,1,1,41,3,7,g,21,0,12,92.5,90.9,na,6,0.8,310,0.13,1.188,5.01,0.585,2.18,132.8,5.235,283.5,100.2,221.5,373.4629031
1_041_B3_19_h,1,1,41,3,7,h,19,0,12,92.5,90.9,na,1,0.8,310,0.07,0.391,1.679,-0.433,2.075,69.3,1.937,169.4,61.43,121.5,217.3298298
1_041_B3_19_h,1,1,41,3,7,h,19,0,12,92.5,90.9,na,2,0.8,310,0.07,0.375,1.724,-0.483,2.176,70.2,1.892,169.4,61.43,121.5,217.3298298
1_041_B3_19_h,1,1,41,3,7,h,19,0,12,92.5,90.9,na,3,0.8,310,0.07,0.404,1.984,-0.27,2.236,69.8,2.313,169.4,61.43,121.5,217.3298298
1_041_B3_19_h,1,1,41,3,7,h,19,0,12,92.5,90.9,na,4,0.8,310,0.07,0.36,1.725,-0.269,2.169,66.8,1.997,169.4,61.43,121.5,217.3298298
1_041_B3_19_h,1,1,41,3,7,h,19,0,12,92.5,90.9,na,5,0.8,310,0.07,0.386,1.765,-0.465,2.207,69.8,2.058,169.4,61.43,121.5,217.3298298
1_041_B3_19_h,1,1,41,3,7,h,19,0,12,92.5,90.9,na,6,0.8,310,0.07,0.392,1.993,-0.397,2.35,70.6,2.232,169.4,61.43,121.5,217.3298298
1_041_B3_20_i,1,1,41,3,7,i,20,0,12,92.5,90.9,na,1,0.8,310,0.1,0.615,2.858,0.1,2.197,92.8,3.13,226.3,78.35,218.9,324.4497226
1_041_B3_20_i,1,1,41,3,7,i,20,0,12,92.5,90.9,na,2,0.8,310,0.1,0.586,2.789,0.103,2.229,93.4,2.946,226.3,78.35,218.9,324.4497226
1_041_B3_20_i,1,1,41,3,7,i,20,0,12,92.5,90.9,na,3,0.8,310,0.1,0.599,2.88,-0.039,2.207,89.6,3.07,226.3,78.35,218.9,324.4497226
1_041_B3_20_i,1,1,41,3,7,i,20,0,12,92.5,90.9,na,4,0.8,310,0.1,0.588,2.861,0.14,2.281,101.9,3.061,226.3,78.35,218.9,324.4497226
1_041_B3_20_i,1,1,41,3,7,i,20,0,12,92.5,90.9,na,5,0.8,310,0.1,0.654,3.015,0.548,2.323,99.6,3.23,226.3,78.35,218.9,324.4497226
1_041_B3_20_i,1,1,41,3,7,i,20,0,12,92.5,90.9,na,6,0.8,310,0.1,0.598,2.87,-0.025,2.211,86.4,3.154,226.3,78.35,218.9,324.4497226
1_051_B1_5_a,1,2,51,1,2,a,5,0,12,90.9,90.4,na,1,0.25,350,0.1,1.032,4.226,0.687,2.326,101.2,4.355,64.9,55.46,27.28,89.62153759
1_051_B1_5_a,1,2,51,1,2,a,5,0,12,90.9,90.4,na,2,0.25,350,0.1,1.039,4.265,0.729,2.373,100,4.422,64.9,55.46,27.28,89.62153759
1_051_B1_5_a,1,2,51,1,2,a,5,0,12,90.9,90.4,na,3,0.25,350,0.1,1.062,4.201,0.724,2.268,100.4,4.335,64.9,55.46,27.28,89.62153759
1_051_B1_5_a,1,2,51,1,2,a,5,0,12,90.9,90.4,na,4,0.25,350,0.1,1.036,4.338,0.719,2.333,100,4.469,64.9,55.46,27.28,89.62153759
1_051_B1_5_a,1,2,51,1,2,a,5,0,12,90.9,90.4,na,5,0.25,350,0.1,1.059,4.272,0.773,2.331,100.6,4.494,64.9,55.46,27.28,89.62153759
1_051_B1_5_a,1,2,51,1,2,a,5,0,12,90.9,90.4,na,6,0.25,350,0.1,1.059,4.272,0.773,2.331,100.6,4.494,64.9,55.46,27.28,89.62153759
1_051_B1_6_b,1,2,51,1,2,b,6,0,12,90.9,90.4,na,1,0.25,350,0.13,1.812,6.548,0.461,1.792,128.8,6.699,79.1,61.07,24.84,102.9727173
1_051_B1_6_b,1,2,51,1,2,b,6,0,12,90.9,90.4,na,2,0.25,350,0.13,1.634,5.91,0.407,1.793,131.9,6.195,79.1,61.07,24.84,102.9727173
1_051_B1_6_b,1,2,51,1,2,b,6,0,12,90.9,90.4,na,3,0.25,350,0.13,1.798,6.427,0.391,1.784,130.3,6.674,79.1,61.07,24.84,102.9727173
1_051_B1_6_b,1,2,51,1,2,b,6,0,12,90.9,90.4,na,4,0.25,350,0.13,1.736,6.416,0.47,1.851,130.8,6.628,79.1,61.07,24.84,102.9727173
1_051_B1_6_b,1,2,51,1,2,b,6,0,12,90.9,90.4,na,5,0.25,350,0.13,1.777,6.33,0.488,1.821,131.7,6.573,79.1,61.07,24.84,102.9727173
1_051_B1_6_b,1,2,51,1,2,b,6,0,12,90.9,90.4,na,6,0.25,350,0.13,1.735,6.511,0.549,1.927,129.6,6.652,79.1,61.07,24.84,102.9727173
1_051_B1_4_c,1,2,51,1,2,c,4,0,12,90.9,90.4,na,1,0.25,350,0.07,0.677,2.728,0.52,1.988,70.5,2.957,52.04,44.26,22.9,72.05219775
1_051_B1_4_c,1,2,51,1,2,c,4,0,12,90.9,90.4,na,2,0.25,350,0.07,0.586,2.382,0.429,1.959,70.4,2.431,52.04,44.26,22.9,72.05219775
1_051_B1_4_c,1,2,51,1,2,c,4,0,12,90.9,90.4,na,3,0.25,350,0.07,0.64,2.705,0.497,2.045,69.3,2.984,52.04,44.26,22.9,72.05219775
1_051_B1_4_c,1,2,51,1,2,c,4,0,12,90.9,90.4,na,4,0.25,350,0.07,0.598,2.515,0.416,2.019,70.8,2.952,52.04,44.26,22.9,72.05219775
1_051_B1_4_c,1,2,51,1,2,c,4,0,12,90.9,90.4,na,5,0.25,350,0.07,0.642,2.678,0.502,2.097,70.8,2.886,52.04,44.26,22.9,72.05219775
1_051_B1_4_c,1,2,51,1,2,c,4,0,12,90.9,90.4,na,6,0.25,350,0.07,0.656,2.644,0.54,2.041,70.7,2.827,52.04,44.26,22.9,72.05219775
1_051_B1_9_d,1,2,51,1,3,d,9,0,12,90.9,90.4,na,1,0.25,390,0.13,0.988,4.2,0.646,2.356,129.5,4.434,80.14,59.87,25.76,103.2976965
1_051_B1_9_d,1,2,51,1,3,d,9,0,12,90.9,90.4,na,2,0.25,390,0.13,1.003,4.345,0.67,2.351,133.6,4.553,80.14,59.87,25.76,103.2976965
1_051_B1_9_d,1,2,51,1,3,d,9,0,12,90.9,90.4,na,3,0.25,390,0.13,1.551,5.761,0.41,1.905,130.3,5.932,80.14,59.87,25.76,103.2976965
1_051_B1_9_d,1,2,51,1,3,d,9,0,12,90.9,90.4,na,4,0.25,390,0.13,0.996,4.274,0.724,2.407,130.6,4.388,80.14,59.87,25.76,103.2976965
1_051_B1_9_d,1,2,51,1,3,d,9,0,12,90.9,90.4,na,5,0.25,390,0.13,1.541,5.788,0.409,1.912,130.8,5.937,80.14,59.87,25.76,103.2976965
1_051_B1_9_d,1,2,51,1,3,d,9,0,12,90.9,90.4,na,6,0.25,390,0.13,1.504,5.613,0.39,1.873,131,5.729,80.14,59.87,25.76,103.2976965
1_051_B1_8_e,1,2,51,1,3,e,8,0,12,90.9,90.4,na,1,0.25,390,0.1,0.999,3.641,0.359,1.833,100.5,3.806,66.41,51.77,23.69,87.4736366
1_051_B1_8_e,1,2,51,1,3,e,8,0,12,90.9,90.4,na,2,0.25,390,0.1,0.96,3.812,0.449,2.008,100.6,3.906,66.41,51.77,23.69,87.4736366
1_051_B1_8_e,1,2,51,1,3,e,8,0,12,90.9,90.4,na,3,0.25,390,0.1,0.806,3.294,0.583,2.228,100.8,3.384,66.41,51.77,23.69,87.4736366
1_051_B1_8_e,1,2,51,1,3,e,8,0,12,90.9,90.4,na,4,0.25,390,0.1,1.009,3.644,0.399,1.817,99.9,3.76,66.41,51.77,23.69,87.4736366
1_051_B1_8_e,1,2,51,1,3,e,8,0,12,90.9,90.4,na,5,0.25,390,0.1,0.794,3.232,0.581,2.219,100.1,3.332,66.41,51.77,23.69,87.4736366
1_051_B1_8_e,1,2,51,1,3,e,8,0,12,90.9,90.4,na,6,0.25,390,0.1,1.019,3.699,0.291,1.752,99.7,3.896,66.41,51.77,23.69,87.4736366
1_051_B1_7_f,1,2,51,1,3,f,7,0,12,90.9,90.4,na,1,0.25,390,0.07,0.49,1.955,0.532,1.867,70.7,2.125,52.92,44.28,22.37,72.53731247
1_051_B1_7_f,1,2,51,1,3,f,7,0,12,90.9,90.4,na,2,0.25,390,0.07,0.462,1.872,0.488,1.849,70.9,2.166,52.92,44.28,22.37,72.53731247
1_051_B1_7_f,1,2,51,1,3,f,7,0,12,90.9,90.4,na,3,0.25,390,0.07,0.453,1.759,0.401,1.739,70.3,1.989,52.92,44.28,22.37,72.53731247
1_051_B1_7_f,1,2,51,1,3,f,7,0,12,90.9,90.4,na,4,0.25,390,0.07,0.49,1.924,0.333,1.737,70,2.102,52.92,44.28,22.37,72.53731247
1_051_B1_7_f,1,2,51,1,3,f,7,0,12,90.9,90.4,na,5,0.25,390,0.07,0.457,1.834,0.405,1.843,71.4,1.986,52.92,44.28,22.37,72.53731247
1_051_B1_7_f,1,2,51,1,3,f,7,0,12,90.9,90.4,na,6,0.25,390,0.07,0.468,1.944,0.429,1.864,69.9,2.078,52.92,44.28,22.37,72.53731247
1_051_B1_2_g,1,2,51,1,1,g,2,0,12,90.9,90.4,na,1,0.25,310,0.1,0.878,3.082,0.074,1.561,100,3.243,68.78,49.87,23.98,88.27652972
1_051_B1_2_g,1,2,51,1,1,g,2,0,12,90.9,90.4,na,2,0.25,310,0.1,0.858,3.062,0.094,1.581,101.5,3.252,68.78,49.87,23.98,88.27652972
1_051_B1_2_g,1,2,51,1,1,g,2,0,12,90.9,90.4,na,3,0.25,310,0.1,0.861,3.225,0.049,1.641,101.3,3.486,68.78,49.87,23.98,88.27652972
1_051_B1_2_g,1,2,51,1,1,g,2,0,12,90.9,90.4,na,4,0.25,310,0.1,0.875,3.057,0.07,1.568,101.5,3.328,68.78,49.87,23.98,88.27652972
1_051_B1_2_g,1,2,51,1,1,g,2,0,12,90.9,90.4,na,5,0.25,310,0.1,0.863,3.119,0.078,1.584,100.5,3.323,68.78,49.87,23.98,88.27652972
1_051_B1_2_g,1,2,51,1,1,g,2,0,12,90.9,90.4,na,6,0.25,310,0.1,0.882,3,0.049,1.516,100.7,3.15,68.78,49.87,23.98,88.27652972
1_051_B1_3_h,1,2,51,1,1,h,3,0,12,90.9,90.4,na,1,0.25,310,0.13,1.18,4.448,0.236,1.842,131.5,4.563,83.42,59.72,25.89,105.8095785
1_051_B1_3_h,1,2,51,1,1,h,3,0,12,90.9,90.4,na,2,0.25,310,0.13,1.175,4.379,0.361,1.864,129.8,4.543,83.42,59.72,25.89,105.8095785
1_051_B1_3_h,1,2,51,1,1,h,3,0,12,90.9,90.4,na,3,0.25,310,0.13,1.126,4.253,0.373,1.892,130.8,4.334,83.42,59.72,25.89,105.8095785
1_051_B1_3_h,1,2,51,1,1,h,3,0,12,90.9,90.4,na,4,0.25,310,0.13,1.178,4.478,0.226,1.834,130.1,4.676,83.42,59.72,25.89,105.8095785
1_051_B1_3_h,1,2,51,1,1,h,3,0,12,90.9,90.4,na,5,0.25,310,0.13,1.172,4.474,0.216,1.833,132,4.671,83.42,59.72,25.89,105.8095785
1_051_B1_3_h,1,2,51,1,1,h,3,0,12,90.9,90.4,na,6,0.25,310,0.13,1.171,4.506,0.366,1.878,132,4.608,83.42,59.72,25.89,105.8095785
1_051_B1_1_i,1,2,51,1,1,i,1,0,12,90.9,90.4,na,1,0.25,310,0.07,0.393,1.921,0.223,2.276,91.2,2.241,55.84,42.95,22.11,73.83535874
1_051_B1_1_i,1,2,51,1,1,i,1,0,12,90.9,90.4,na,2,0.25,310,0.07,0.388,1.933,0.444,2.374,85.1,2.132,55.84,42.95,22.11,73.83535874
1_051_B1_1_i,1,2,51,1,1,i,1,0,12,90.9,90.4,na,3,0.25,310,0.07,0.378,1.77,0.168,2.085,76.2,2.083,55.84,42.95,22.11,73.83535874
1_051_B1_1_i,1,2,51,1,1,i,1,0,12,90.9,90.4,na,4,0.25,310,0.07,0.39,1.808,0.066,2.031,68.7,2.073,55.84,42.95,22.11,73.83535874
1_051_B1_1_i,1,2,51,1,1,i,1,0,12,90.9,90.4,na,5,0.25,310,0.07,0.402,1.88,0.173,2.002,69.2,2.266,55.84,42.95,22.11,73.83535874
1_051_B1_1_i,1,2,51,1,1,i,1,0,12,90.9,90.4,na,6,0.25,310,0.07,0.397,1.944,0.133,2.223,84,2.259,55.84,42.95,22.11,73.83535874
1_061_B2_11_a,1,2,61,2,4,a,11,0,12,90.4,89.4,na,1,0.5,310,0.1,0.944,3.647,0.578,2.032,100.2,3.912,139.5,69.35,73.61,172.3023639
1_061_B2_11_a,1,2,61,2,4,a,11,0,12,90.4,89.4,na,2,0.5,310,0.1,0.894,3.51,0.683,2.171,101.5,3.643,139.5,69.35,73.61,172.3023639
1_061_B2_11_a,1,2,61,2,4,a,11,0,12,90.4,89.4,na,3,0.5,310,0.1,0.888,3.449,0.678,2.143,100.9,3.527,139.5,69.35,73.61,172.3023639
1_061_B2_11_a,1,2,61,2,4,a,11,0,12,90.4,89.4,na,4,0.5,310,0.1,0.896,3.582,0.687,2.162,100.5,3.795,139.5,69.35,73.61,172.3023639
1_061_B2_11_a,1,2,61,2,4,a,11,0,12,90.4,89.4,na,5,0.5,310,0.1,0.91,3.393,0.743,2.127,101,3.597,139.5,69.35,73.61,172.3023639
1_061_B2_11_a,1,2,61,2,4,a,11,0,12,90.4,89.4,na,6,0.5,310,0.1,0.91,3.393,0.743,2.127,101,3.597,139.5,69.35,73.61,172.3023639
1_061_B2_12_b,1,2,61,2,4,b,12,0,12,90.4,89.4,na,1,0.5,310,0.13,0.952,3.69,0.572,2.047,128.8,3.814,176.5,87.39,82.71,213.6122801
1_061_B2_12_b,1,2,61,2,4,b,12,0,12,90.4,89.4,na,2,0.5,310,0.13,1.167,4.506,0.428,1.945,129.2,4.704,176.5,87.39,82.71,213.6122801
1_061_B2_12_b,1,2,61,2,4,b,12,0,12,90.4,89.4,na,3,0.5,310,0.13,1.194,4.586,0.495,1.948,131.7,4.938,176.5,87.39,82.71,213.6122801
1_061_B2_12_b,1,2,61,2,4,b,12,0,12,90.4,89.4,na,4,0.5,310,0.13,1.153,4.587,0.439,1.973,127.7,4.761,176.5,87.39,82.71,213.6122801
1_061_B2_12_b,1,2,61,2,4,b,12,0,12,90.4,89.4,na,5,0.5,310,0.13,1.173,4.522,0.543,1.978,131,4.702,176.5,87.39,82.71,213.6122801
1_061_B2_12_b,1,2,61,2,4,b,12,0,12,90.4,89.4,na,6,0.5,310,0.13,1.104,4.347,0.582,2.037,132.6,4.554,176.5,87.39,82.71,213.6122801
1_061_B2_10_c,1,2,61,2,4,c,10,0,12,90.4,89.4,na,1,0.5,310,0.07,0.456,2.082,0.236,2.084,69.2,2.155,109.1,57.9,63.82,139.0259415
1_061_B2_10_c,1,2,61,2,4,c,10,0,12,90.4,89.4,na,2,0.5,310,0.07,0.453,2.134,0.169,2.066,67.9,2.235,109.1,57.9,63.82,139.0259415
1_061_B2_10_c,1,2,61,2,4,c,10,0,12,90.4,89.4,na,3,0.5,310,0.07,0.452,2.014,0.208,2.001,71.6,2.109,109.1,57.9,63.82,139.0259415
1_061_B2_10_c,1,2,61,2,4,c,10,0,12,90.4,89.4,na,4,0.5,310,0.07,0.451,1.952,0.227,1.949,70.4,2.015,109.1,57.9,63.82,139.0259415
1_061_B2_10_c,1,2,61,2,4,c,10,0,12,90.4,89.4,na,5,0.5,310,0.07,0.442,2.116,0.144,2.115,68.8,2.26,109.1,57.9,63.82,139.0259415
1_061_B2_10_c,1,2,61,2,4,c,10,0,12,90.4,89.4,na,6,0.5,310,0.07,0.445,1.979,0.168,2.003,69.4,2.118,109.1,57.9,63.82,139.0259415
1_061_B2_15_d,1,2,61,2,5,d,15,0,12,90.4,89.4,na,1,0.5,350,0.13,0.968,4.02,0.628,2.275,129.2,4.139,177.3,85.72,79.43,212.3495545
1_061_B2_15_d,1,2,61,2,5,d,15,0,12,90.4,89.4,na,2,0.5,350,0.13,0.96,4.045,0.648,2.293,129.6,4.21,177.3,85.72,79.43,212.3495545
1_061_B2_15_d,1,2,61,2,5,d,15,0,12,90.4,89.4,na,3,0.5,350,0.13,0.965,4.009,0.659,2.293,131.3,4.185,177.3,85.72,79.43,212.3495545
1_061_B2_15_d,1,2,61,2,5,d,15,0,12,90.4,89.4,na,4,0.5,350,0.13,0.978,4.096,0.643,2.269,133.1,4.284,177.3,85.72,79.43,212.3495545
1_061_B2_15_d,1,2,61,2,5,d,15,0,12,90.4,89.4,na,5,0.5,350,0.13,0.968,3.943,0.684,2.244,131.2,4.027,177.3,85.72,79.43,212.3495545
1_061_B2_15_d,1,2,61,2,5,d,15,0,12,90.4,89.4,na,6,0.5,350,0.13,0.969,4.111,0.625,2.3,131.4,4.23,177.3,85.72,79.43,212.3495545
1_061_B2_14_e,1,2,61,2,5,e,14,0,12,90.4,89.4,na,1,0.5,350,0.1,0.653,2.874,0.31,2.05,101.1,3.059,143.5,69.57,71.62,174.8189329
1_061_B2_14_e,1,2,61,2,5,e,14,0,12,90.4,89.4,na,2,0.5,350,0.1,0.625,2.743,0.41,2.119,102.1,3.019,143.5,69.57,71.62,174.8189329
1_061_B2_14_e,1,2,61,2,5,e,14,0,12,90.4,89.4,na,3,0.5,350,0.1,0.616,2.657,0.47,2.104,100.6,2.921,143.5,69.57,71.62,174.8189329
1_061_B2_14_e,1,2,61,2,5,e,14,0,12,90.4,89.4,na,4,0.5,350,0.1,0.605,2.606,0.438,2.077,100.1,2.728,143.5,69.57,71.62,174.8189329
1_061_B2_14_e,1,2,61,2,5,e,14,0,12,90.4,89.4,na,5,0.5,350,0.1,0.622,2.747,0.338,2.103,99.1,2.84,143.5,69.57,71.62,174.8189329
1_061_B2_14_e,1,2,61,2,5,e,14,0,12,90.4,89.4,na,6,0.5,350,0.1,0.622,2.708,0.456,2.11,101.1,2.808,143.5,69.57,71.62,174.8189329
1_061_B2_13_f,1,2,61,2,5,f,13,0,12,90.4,89.4,na,1,0.5,350,0.07,0.369,1.575,-0.035,1.787,70,1.736,112.4,57.46,63.16,141.1545153
1_061_B2_13_f,1,2,61,2,5,f,13,0,12,90.4,89.4,na,2,0.5,350,0.07,0.407,1.724,0.011,1.758,69.9,1.917,112.4,57.46,63.16,141.1545153
1_061_B2_13_f,1,2,61,2,5,f,13,0,12,90.4,89.4,na,3,0.5,350,0.07,0.403,1.675,-0.064,1.728,71.2,1.787,112.4,57.46,63.16,141.1545153
1_061_B2_13_f,1,2,61,2,5,f,13,0,12,90.4,89.4,na,4,0.5,350,0.07,0.404,1.531,-0.112,1.615,70.9,1.612,112.4,57.46,63.16,141.1545153
1_061_B2_13_f,1,2,61,2,5,f,13,0,12,90.4,89.4,na,5,0.5,350,0.07,0.403,1.663,-0.017,1.723,70.4,1.798,112.4,57.46,63.16,141.1545153
1_061_B2_13_f,1,2,61,2,5,f,13,0,12,90.4,89.4,na,6,0.5,350,0.07,0.362,1.54,0.058,1.79,70,1.674,112.4,57.46,63.16,141.1545153
1_061_B2_16_g,1,2,61,2,6,g,16,0,12,90.4,89.4,na,1,0.5,390,0.07,0.255,1.171,-0.196,1.984,48.7,1.314,116.2,58.82,65.47,145.7688351
1_061_B2_16_g,1,2,61,2,6,g,16,0,12,90.4,89.4,na,2,0.5,390,0.07,0.258,1.111,-0.256,1.916,52.3,1.214,116.2,58.82,65.47,145.7688351
1_061_B2_16_g,1,2,61,2,6,g,16,0,12,90.4,89.4,na,3,0.5,390,0.07,0.267,1.209,-0.165,1.952,49.4,1.285,116.2,58.82,65.47,145.7688351
1_061_B2_16_g,1,2,61,2,6,g,16,0,12,90.4,89.4,na,4,0.5,390,0.07,0.295,1.431,-0.074,2.183,52.4,1.736,116.2,58.82,65.47,145.7688351
1_061_B2_16_g,1,2,61,2,6,g,16,0,12,90.4,89.4,na,5,0.5,390,0.07,0.288,1.24,-0.229,1.898,56.4,1.318,116.2,58.82,65.47,145.7688351
1_061_B2_16_g,1,2,61,2,6,g,16,0,12,90.4,89.4,na,6,0.5,390,0.07,0.275,1.229,-0.083,2.061,47.5,1.405,116.2,58.82,65.47,145.7688351
1_061_B2_17_h,1,2,61,2,6,h,17,0,12,90.4,89.4,na,1,0.5,390,0.1,0.413,2.04,-0.025,2.268,78.8,2.272,144.9,69.67,69.12,175.0071236
1_061_B2_17_h,1,2,61,2,6,h,17,0,12,90.4,89.4,na,2,0.5,390,0.1,0.396,1.974,0.233,2.399,60,2.086,144.9,69.67,69.12,175.0071236
1_061_B2_17_h,1,2,61,2,6,h,17,0,12,90.4,89.4,na,3,0.5,390,0.1,0.389,1.962,0.185,2.329,73.7,2.074,144.9,69.67,69.12,175.0071236
1_061_B2_17_h,1,2,61,2,6,h,17,0,12,90.4,89.4,na,4,0.5,390,0.1,0.367,1.901,0.245,2.39,87.3,1.981,144.9,69.67,69.12,175.0071236
1_061_B2_17_h,1,2,61,2,6,h,17,0,12,90.4,89.4,na,5,0.5,390,0.1,0.406,2.006,0.001,2.307,67.3,2.187,144.9,69.67,69.12,175.0071236
1_061_B2_17_h,1,2,61,2,6,h,17,0,12,90.4,89.4,na,6,0.5,390,0.1,0.418,1.986,-0.044,2.184,71.4,2.176,144.9,69.67,69.12,175.0071236
1_061_B2_18_i,1,2,61,2,6,i,18,0,12,90.4,89.4,na,1,0.5,390,0.13,0.668,3.185,0.854,2.807,131,3.326,177.5,82.13,74.87,209.4208772
1_061_B2_18_i,1,2,61,2,6,i,18,0,12,90.4,89.4,na,2,0.5,390,0.13,0.658,3.202,0.716,2.794,132.1,3.347,177.5,82.13,74.87,209.4208772
1_061_B2_18_i,1,2,61,2,6,i,18,0,12,90.4,89.4,na,3,0.5,390,0.13,0.662,3.252,0.88,2.87,130.7,3.381,177.5,82.13,74.87,209.4208772
1_061_B2_18_i,1,2,61,2,6,i,18,0,12,90.4,89.4,na,4,0.5,390,0.13,0.668,3.202,0.844,2.768,128.5,3.393,177.5,82.13,74.87,209.4208772
1_061_B2_18_i,1,2,61,2,6,i,18,0,12,90.4,89.4,na,5,0.5,390,0.13,0.691,3.2,0.997,2.91,132.1,3.32,177.5,82.13,74.87,209.4208772
1_061_B2_18_i,1,2,61,2,6,i,18,0,12,90.4,89.4,na,6,0.5,390,0.13,0.66,3.18,0.779,2.87,131.4,3.32,177.5,82.13,74.87,209.4208772
1_071_B3_20_a,1,2,71,3,7,a,20,0,12,89.4,87.8,na,1,0.8,310,0.1,1.014,4.001,0.127,1.753,100.8,4.233,224.2,77.48,227.5,328.6716301
1_071_B3_20_a,1,2,71,3,7,a,20,0,12,89.4,87.8,na,2,0.8,310,0.1,0.974,4.021,0.222,1.839,100.8,4.329,224.2,77.48,227.5,328.6716301
1_071_B3_20_a,1,2,71,3,7,a,20,0,12,89.4,87.8,na,3,0.8,310,0.1,0.977,3.929,0.306,1.87,98.7,4.285,224.2,77.48,227.5,328.6716301
1_071_B3_20_a,1,2,71,3,7,a,20,0,12,89.4,87.8,na,4,0.8,310,0.1,0.966,3.764,0.304,1.805,101.4,4.006,224.2,77.48,227.5,328.6716301
1_071_B3_20_a,1,2,71,3,7,a,20,0,12,89.4,87.8,na,5,0.8,310,0.1,0.929,3.799,0.255,1.862,99,4.106,224.2,77.48,227.5,328.6716301
1_071_B3_20_a,1,2,71,3,7,a,20,0,12,89.4,87.8,na,6,0.8,310,0.1,0.918,3.775,0.302,1.915,100.6,4.276,224.2,77.48,227.5,328.6716301
1_071_B3_19_b,1,2,71,3,7,b,19,0,12,89.4,87.8,na,1,0.8,310,0.07,0.653,2.546,0.124,1.699,69,2.616,165.7,62.01,122.1,214.9654393
1_071_B3_19_b,1,2,71,3,7,b,19,0,12,89.4,87.8,na,2,0.8,310,0.07,0.603,2.315,0.236,1.742,70.9,2.458,165.7,62.01,122.1,214.9654393
1_071_B3_19_b,1,2,71,3,7,b,19,0,12,89.4,87.8,na,3,0.8,310,0.07,0.615,2.371,0.121,1.704,71.1,2.614,165.7,62.01,122.1,214.9654393
1_071_B3_19_b,1,2,71,3,7,b,19,0,12,89.4,87.8,na,4,0.8,310,0.07,0.607,2.271,0.106,1.64,70.3,2.351,165.7,62.01,122.1,214.9654393
1_071_B3_19_b,1,2,71,3,7,b,19,0,12,89.4,87.8,na,5,0.8,310,0.07,0.681,2.584,0.163,1.665,69.9,2.826,165.7,62.01,122.1,214.9654393
1_071_B3_19_b,1,2,71,3,7,b,19,0,12,89.4,87.8,na,6,0.8,310,0.07,0.753,2.911,0.373,1.828,70,3.03,165.7,62.01,122.1,214.9654393
1_071_B3_21_c,1,2,71,3,7,c,21,0,12,89.4,87.8,na,1,0.8,310,0.13,0.924,4.522,0.643,2.657,129.7,4.724,289.6,96.77,222.1,377.5725134
1_071_B3_21_c,1,2,71,3,7,c,21,0,12,89.4,87.8,na,2,0.8,310,0.13,0.93,4.495,0.605,2.611,134.5,4.635,289.6,96.77,222.1,377.5725134
1_071_B3_21_c,1,2,71,3,7,c,21,0,12,89.4,87.8,na,3,0.8,310,0.13,0.925,4.518,0.477,2.579,133,4.715,289.6,96.77,222.1,377.5725134
1_071_B3_21_c,1,2,71,3,7,c,21,0,12,89.4,87.8,na,4,0.8,310,0.13,0.932,4.545,0.689,2.72,124.3,4.836,289.6,96.77,222.1,377.5725134
1_071_B3_21_c,1,2,71,3,7,c,21,0,12,89.4,87.8,na,5,0.8,310,0.13,0.924,4.591,0.539,2.629,133.5,4.736,289.6,96.77,222.1,377.5725134
1_071_B3_21_c,1,2,71,3,7,c,21,0,12,89.4,87.8,na,6,0.8,310,0.13,0.936,4.532,0.505,2.613,128.6,4.647,289.6,96.77,222.1,377.5725134
1_071_B3_22_d,1,2,71,3,8,d,22,0,12,89.4,87.8,na,1,0.8,350,0.07,0.569,2.24,0.139,1.687,70.4,2.419,172.4,59.8,126.3,221.9222612
1_071_B3_22_d,1,2,71,3,8,d,22,0,12,89.4,87.8,na,2,0.8,350,0.07,0.581,2.296,0.051,1.693,70.4,2.427,172.4,59.8,126.3,221.9222612
1_071_B3_22_d,1,2,71,3,8,d,22,0,12,89.4,87.8,na,3,0.8,350,0.07,0.584,2.256,0.083,1.637,70.9,2.434,172.4,59.8,126.3,221.9222612
1_071_B3_22_d,1,2,71,3,8,d,22,0,12,89.4,87.8,na,4,0.8,350,0.07,0.579,2.318,0.056,1.694,71.1,2.464,172.4,59.8,126.3,221.9222612
1_071_B3_22_d,1,2,71,3,8,d,22,0,12,89.4,87.8,na,5,0.8,350,0.07,0.566,2.187,0.078,1.65,70.8,2.478,172.4,59.8,126.3,221.9222612
1_071_B3_22_d,1,2,71,3,8,d,22,0,12,89.4,87.8,na,6,0.8,350,0.07,0.539,2.245,0.148,1.75,70.6,2.389,172.4,59.8,126.3,221.9222612
1_071_B3_24_e,1,2,71,3,8,e,24,0,12,89.4,87.8,na,1,0.8,350,0.13,0.829,4.152,0.635,2.753,138.1,4.208,288.5,97.54,218.6,374.8763284
1_071_B3_24_e,1,2,71,3,8,e,24,0,12,89.4,87.8,na,2,0.8,350,0.13,0.892,4.297,0.543,2.599,128.3,4.44,288.5,97.54,218.6,374.8763284
1_071_B3_24_e,1,2,71,3,8,e,24,0,12,89.4,87.8,na,3,0.8,350,0.13,0.86,4.129,0.522,2.591,123.5,4.264,288.5,97.54,218.6,374.8763284
1_071_B3_24_e,1,2,71,3,8,e,24,0,12,89.4,87.8,na,4,0.8,350,0.13,0.874,4.159,0.694,2.643,118.2,4.301,288.5,97.54,218.6,374.8763284
1_071_B3_24_e,1,2,71,3,8,e,24,0,12,89.4,87.8,na,5,0.8,350,0.13,0.874,4.159,0.694,2.643,118.2,4.301,288.5,97.54,218.6,374.8763284
1_071_B3_24_e,1,2,71,3,8,e,24,0,12,89.4,87.8,na,6,0.8,350,0.13,0.894,4.218,0.549,2.562,134.7,4.399,288.5,97.54,218.6,374.8763284
1_071_B3_23_f,1,2,71,3,8,f,23,0,12,89.4,87.8,na,1,0.8,350,0.1,0.685,2.701,-0.122,1.73,101.1,2.872,231.4,78.87,224.3,331.7784304
1_071_B3_23_f,1,2,71,3,8,f,23,0,12,89.4,87.8,na,2,0.8,350,0.1,0.644,2.576,-0.055,1.728,101.6,2.847,231.4,78.87,224.3,331.7784304
1_071_B3_23_f,1,2,71,3,8,f,23,0,12,89.4,87.8,na,3,0.8,350,0.1,0.692,2.674,-0.058,1.697,100.9,2.827,231.4,78.87,224.3,331.7784304
1_071_B3_23_f,1,2,71,3,8,f,23,0,12,89.4,87.8,na,4,0.8,350,0.1,0.66,2.606,-0.062,1.738,101.3,2.703,231.4,78.87,224.3,331.7784304
1_071_B3_23_f,1,2,71,3,8,f,23,0,12,89.4,87.8,na,5,0.8,350,0.1,0.698,2.76,-0.012,1.72,102,2.948,231.4,78.87,224.3,331.7784304
1_071_B3_23_f,1,2,71,3,8,f,23,0,12,89.4,87.8,na,6,0.8,350,0.1,0.698,2.677,-0.081,1.708,101.4,2.809,231.4,78.87,224.3,331.7784304
1_071_B3_25_g,1,2,71,3,9,g,25,0,12,89.4,87.8,na,1,0.8,390,0.07,0.489,2.194,0.262,2.071,71.7,2.582,175.1,62.81,125.2,224.2323485
1_071_B3_25_g,1,2,71,3,9,g,25,0,12,89.4,87.8,na,2,0.8,390,0.07,0.465,2.085,0.214,2.044,69.9,2.348,175.1,62.81,125.2,224.2323485
1_071_B3_25_g,1,2,71,3,9,g,25,0,12,89.4,87.8,na,3,0.8,390,0.07,0.484,2.237,0.343,2.202,70.4,2.492,175.1,62.81,125.2,224.2323485
1_071_B3_25_g,1,2,71,3,9,g,25,0,12,89.4,87.8,na,4,0.8,390,0.07,0.489,2.19,0.215,2.034,70.8,2.332,175.1,62.81,125.2,224.2323485
1_071_B3_25_g,1,2,71,3,9,g,25,0,12,89.4,87.8,na,5,0.8,390,0.07,0.439,1.958,0.21,2.001,71.3,2.107,175.1,62.81,125.2,224.2323485
1_071_B3_25_g,1,2,71,3,9,g,25,0,12,89.4,87.8,na,6,0.8,390,0.07,0.439,2.005,0.255,2.066,70.5,2.278,175.1,62.81,125.2,224.2323485
1_071_B3_27_h,1,2,71,3,9,h,27,0,12,89.4,87.8,na,1,0.8,390,0.13,0.848,3.781,0.453,2.328,132.8,3.953,288.6,98.16,213.6,372.2234619
1_071_B3_27_h,1,2,71,3,9,h,27,0,12,89.4,87.8,na,2,0.8,390,0.13,0.823,3.847,0.649,2.487,113.7,4.026,288.6,98.16,213.6,372.2234619
1_071_B3_27_h,1,2,71,3,9,h,27,0,12,89.4,87.8,na,3,0.8,390,0.13,0.839,3.765,0.615,2.426,131.2,3.902,288.6,98.16,213.6,372.2234619
1_071_B3_27_h,1,2,71,3,9,h,27,0,12,89.4,87.8,na,4,0.8,390,0.13,0.838,3.797,0.555,2.39,130.7,3.943,288.6,98.16,213.6,372.2234619
1_071_B3_27_h,1,2,71,3,9,h,27,0,12,89.4,87.8,na,5,0.8,390,0.13,0.821,3.753,0.565,2.426,132.4,3.865,288.6,98.16,213.6,372.2234619
1_071_B3_27_h,1,2,71,3,9,h,27,0,12,89.4,87.8,na,6,0.8,390,0.13,0.843,3.794,0.514,2.372,131.9,3.909,288.6,98.16,213.6,372.2234619
1_071_B3_26_i,1,2,71,3,9,i,26,0,12,89.4,87.8,na,1,0.8,390,0.1,0.538,2.328,-0.013,1.92,79,2.546,236.9,77.17,223.4,334.6406713
1_071_B3_26_i,1,2,71,3,9,i,26,0,12,89.4,87.8,na,2,0.8,390,0.1,0.597,2.429,-0.162,1.813,100.7,2.742,236.9,77.17,223.4,334.6406713
1_071_B3_26_i,1,2,71,3,9,i,26,0,12,89.4,87.8,na,3,0.8,390,0.1,0.61,2.31,-0.176,1.711,101.8,2.436,236.9,77.17,223.4,334.6406713
1_071_B3_26_i,1,2,71,3,9,i,26,0,12,89.4,87.8,na,4,0.8,390,0.1,0.569,2.251,-0.275,1.754,101.5,2.424,236.9,77.17,223.4,334.6406713
1_071_B3_26_i,1,2,71,3,9,i,26,0,12,89.4,87.8,na,5,0.8,390,0.1,0.592,2.384,-0.127,1.791,102.2,2.638,236.9,77.17,223.4,334.6406713
1_071_B3_26_i,1,2,71,3,9,i,26,0,12,89.4,87.8,na,6,0.8,390,0.1,0.579,2.361,-0.223,1.759,102.2,2.467,236.9,77.17,223.4,334.6406713
